{
  "accuracy": 0.8044692737430168,
  "precision": 0.8269230769230769,
  "recall": 0.6231884057971014,
  "f1": 0.7107438016528925,
  "roc_auc": 0.8319499341238472
}