{
  "accuracy": 0.7932960893854749,
  "precision": 0.7962962962962963,
  "recall": 0.6231884057971014,
  "f1": 0.6991869918699187,
  "roc_auc": 0.8304347826086956
}